c60000,s3,"Though it happened that some of the order taker were not so familiar with the wine by the glass list, and some items were out of stock, but the room service staff were very helpful to make it up, making sure the entire dinning experience was perfect",[room service staff][+],[dinning experience][+],,,,,
c60000,s4,The breakfast downstairs in the Ritz Carlton cafe was also good,[breakfast][+],,,,,,
c60000,s6,"Front desk service was efficient upon check in and check out, and there's a little kids corner to entertain young kids while waiting, which is very useful Housekeepers at evening were quite helpful too, being very friendly and thoughtful",[Front desk service][+],[check in][+],[check out][+],[Housekeepers][+],,,
c60000,s7,Offered us the bath service by seeing us being tired from the day and brought us the lavender bath-bomb,[bath service][+],[bath-bomb][+],,,,,
c60000,s8,"In general, it is one of the top choices among so many hotels in the region, No matter the facilities or service, Highly recommend",[facilities][+],[service][+],,,,,
c60001,s2,And this choice did not disappoint me but WOW me  All of the staff in Ritz Carlton Macau provides their excellent service,[service][+],,,,,,
c60001,s3,Especially the Duty Manager Antonio who arranged my room for me with birthday decorations and also welcome fruit prepared which totally enhanced my staying experience,[Duty Manager][+],,,,,,
c60001,s5,Also the staff Laura who assisted me for in room check in with professional etiquette in introducing the luxurious hotel facilities and superior room features,[staff][+],[check in][+],[facilities][+],,,,
c60001,s6,"During the night time, your team also bring me the birthday cake with singing birthday song to me which was very impressed for the service",[service][+],,,,,,
c60001,s8,"Last but not least during check out, front desk employee Pedro also provided a warm farewell to me to make this birthday become unforgettable    Oh Also the crafted photo frame as my gift  Definitely will come back",[front desk employee][+],,,,,,
c60002,s1,"Just wanna say ""BIG thanks"" for everything that RC team (Haruka and Kate) has prepared for my birthday and my family",[RC team][+],,,,,,
c60002,s2,"My wife had booked a book at RC to celebrate my birthday, and we were just amazed for what the team has done - They knew that i was staying with a kid, so the first surprise we received when we got into the room was the RC signature kid's safari (kid's tent) along with kid's amenities; next were the birthday decoration and the arrangements (cake and chocolate, etc); last but the the least was a heartwarming gift - a handmade photo album with wishes from every team members, I was really so touched when seeing it",[team][+],[room][0],[amenities][+],,,,
c60002,s4,Believed that there were already thousand of reviews that  talks about the superior hardware and software so I am not gonna talk about these here,[hardware][+],[software][+],,,,,
c60002,s5,"Good job and well done, thanks again RC team",[RC team][+],,,,,,
c60003,s1,My stay at Ritz Carlton with my boyfriend was definitely the best experience ever,[experience][+],,,,,,
c60003,s2,"Ahead of the check-in, I got a warm greeting email from the staff",[check-in][0],[staff][+],,,,,
c60003,s5,"We were definitely surprised by the staff arrangement, their great attentive services",[staff][+],[services][+],,,,,
c60004,s1,This was my first but undoubtedly the best staycation for me and my girlfriend,[staycation][+],,,,,,
c60004,s3,"The location is perfect, the rooms are very well designed and appointed with fabulous, luxurious bathrooms and with an amazing view of the Grand Resort Deck",[location][+],[room][+],[bathrooms][+],[view][+],,,
c60004,s4,"I would like to thank the Guest Relations Team, specially Melanie and Laura, they stayed connected with me prior to our arrival in preparing the whole celebration details for me and my girlfriend including a delicious cake, champagne and even Ritz Carlton lion plush embroidered with our names  I was blown away by their level of care and customer service",[Guest Relations Team][+],[customer service][+],,,,,
c60004,s5,"And what made it extra memorable was the level of care given by the Guest Services Supervisor Rev, he truly went above and beyond and took such good care of us during the whole stay",[Guest Services Supervisor][+],,,,,,
c60004,s6,I was planning to decorate the room by myself while my girlfriend was enjoying the hotel facilities and Rev just offered to help me with the decorations,[room][0],[facilities][+],,,,,
c60004,s7,"and guess what, it turned out better than expected the team had outstanding service and attention to details really made this wonderful holiday memorable",[team][+],[service][+],,,,,
c60004,s8,It's been a wonderful experience celebrating this special day of our life in your hotel,[experience][+],,,,,,
c60004,s9,Looking forward to be back soon,,,,,,,
c60005,s1,"Excellent service, comfortable room with very nice view, splendid swimming pool",[service][+],[room][+],[view][+],[swimming pool][+],,,
c60005,s2,Every service I encountered was done professionally,[service][+],,,,,,
c60006,s1,Check-in and check-out were really efficient  Staff in general are really polite and friendly,[Check-in][+],[check-out][+],[Staff][+],,,,
c60006,s2,Room - size is really good,[Room - size][+],,,,,,
c60006,s3,The room was really beautiful and elegant,[room][+],,,,,,
c60006,s4,Facilities- the indoor pool is really great during winter,[Facilities][+],,,,,,
c60006,s5,There are luxurious sauna and jacuzzi in the changing room,[sauna][+],[jacuzzi][+],[changing room][0],,,,
c60006,s6,The gym is well-equipped too,[gym][+],,,,,,
c60007,s1,Had a relaxing stay at the waterfront king room,[waterfront king room][+],,,,,,
c60007,s2,the panoramic view was perfect overlooking the macau/taipa bridge especially at night,[view][+],,,,,,
c60007,s3,The room was larger compared to most hotel rooms in Macau,[room][+],,,,,,
c60007,s4,The pool and the service were excellent Front office staff were nice and informative,[pool][+],[service][+],[Front office staff][+],,,,
c60008,s1,I would like to say thank you to the whole Altira team as they made an excellent job in making their guests meet beyond their every expectations even at this time,[team][+],,,,,,
c60008,s2,To Michael from Front Office who surprised me with the customized luggage tag,[Front Office][+],,,,,,
c60008,s3,Thank You No wonder Altira is a Forbes 5 Star Hotel,,,,,,,
c60008,s4,Excellent staff like him deserves to be appreciated,[staff][+],,,,,,
c60008,s5,Thank you for being kind and approachable   The the staff from In room dining who arrange my breakfast (sorry I didn't get your name) Thank you for your excellent service   To Bella also from front office who arranged my check out Thank you for your patience as I have so many questions,[staff][+],[service][+],[front office][+],[check out][+],,,
c60009,s1,"All staff and section customer service is quite good, so could enjoy hotel very much, especially guest service group is very polite and follow up is quite immediate and nice made me very satisfied , and All Concierge Team staff is quite polite and friendly and addressed me by name is quite good service and made me very happy!!",[staff][+],[customer service][+],[guest service group][+],[Concierge Team staff][+],,[service][+],
c60010,s1,"The room is very spacious and comfortable with living area, bed area, closet and the bath room is amazing",[room][+],[living area][+],[bed area][+],[closet][+],[bath room][+],,
c60010,s3,"But with indoor swimming pool, I can still enjoy it",[indoor swimming pool][+],,,,,,
c60011,s1,Thank you to all the staff at Altira for their help and understanding as a marathon runner competing in the Macau International Marathon,[staff][+],,,,,,
c60011,s2,"all the staff was very supportive from luggage storage, check in, room service and check out",[staff][+],[luggage storage][+],[check in][+],[room service][+],[check out][+],,
c60011,s3,I felt this was a far nicer overall experience than my previous stay a few years prior,[experience][+],,,,,,
c60011,s4,"To aid my recovery after the race, I appreciated the large bath and bath salts and the use of the gym for stretching as well as the indoor pool",[bath][+],[bath salts][+],[gym][+],[indoor pool][+],,,
c60011,s5,I look forward to staying again,,,,,,,
c60012,s1,Every staff was very kind and helpful,[staff][+],,,,,,
c60012,s2,The room condition was very good and I liked the bath tub,[room condition][+],[bath tub][+],,,,,
c60012,s3,The breakfast was really nice and I really enjoyed my stay in Altira,[breakfast][+],,,,,,
c60013,s1,The location od the hotel is an ideal place if you want somewhere far from the casino area,[location][+],,,,,,
c60013,s2,The hotel itself is amazing and every single staff is very professional and well-trained,[staff][+],,,,,,
c60013,s5,"However, the hardware of this hotel (Ie the room view) is gorgeous we ended up having a very pleasant stay",[hardware][+],[room view][+],,,,,
c60013,s7,The room is spacious and comfortable enough and the view is one of the best in Macao I am sure,[room][+],[view][+],,,,,
c60014,s1,"If I had to think of words to describe the Altira and the wonderful staff who do such an incredible job, it would be:   Awesome,  terrific, jaw dropping,  serenity,  sheer beauty, glorious,  pure luxury",[staff][+],,,,,,
c60014,s2,I could really go on  This is the best hotel I have ever stayed at in my life The service is outstanding,[service][+],,,,,,
c60014,s3,The facilities in the pool and spa are mesmerising,[facilities][+],[pool][+],[spa][+],,,,
c60014,s4,"The Restore massage was absolutely pure heaven Orpha,  the masseuse,  was brilliant",[massage][+],,,,,,
c60014,s8,Their ginger tea is divine,[ginger tea][+],,,,,,
c60014,s9,"They have luxurious treatment rooms with your own personal Jacuzzi,  a king size bed for relaxing on,  a rain shower along with side shower",[treatment rooms][+],[Jacuzzi][+],[king size bed][+],[rain shower][+],,,
c60016,s1,"From arrival, bell man was very kind to us",[bell man][+],,,,,,
c60016,s4,The room service waiter was a Filipino too and was very kind and friendly,[room service waiter][+],,,,,,
c60016,s5,Room was very spacious,[Room][+],,,,,,
c60016,s6,I really enjoyed the king size bed with living room and a huge bathroom with separate bath tub and toilet and shower,[king size bed][+],[living room][+],[bathroom][+],[bath tub][+],[toilet][+],[shower][+],
c60016,s9,"Great hotel, great service! :)",[service][+],,,,,,
c60017,s1,The hotel has excellent views over the sea,[views][+],,,,,,
c60017,s2,"There is a great choice of restaurants both inside and outside the hotel, and the fitness centre is outstanding",[choice of restaurants][+],[fitness centre][+],,,,,
c60017,s3,The staff are friendly and professional,[staff][+],,,,,,
c60017,s4,"My room was very quiet and services were prompt, courteous and efficient",[room][+],[services][+],,,,,
c60018,s6,But real delightful experience was that a hotel staff brought in welcome tea soon after I walked around the room and started to admire the night sea view from the room,[hotel staff][+],[welcome tea][+],[sea view][+],[room][0],,,
c60018,s7,The check out service is very nice and asked me how was my stay the night before,[check out service][+],,,,,,
c60018,s9,The room set up is very gorgeous,[room][0],,,,,,
c60019,s1,the location was very convenient to every one,[location][+],,,,,,
c60019,s2,the room was big and very relaxing even the view from our room,[room][+],[view][+],[room][+],,,,
c60019,s3,the cleanliness of the room in altira is perfect also even the attendant who give the requests to us theyre very polite,[cleanliness of the room][+],[attendant][+],,,,,
c60020,s1,Best hotel service in Macau from start to finish,[service][+],,,,,,
c60020,s2,"Wonderful rooms, with beautiful views and every amenity; pool also one of a kind",[rooms][+],[views][+],[amenity][+],[pool][+],,,
c60020,s3,"Superb restaurants, particularly Ying and Tenmasa",[restaurants][+],,,,,,
c60021,s1,From the minute I arrived at the hotel the staff were friendly and helpful,[staff][+],,,,,,
c60021,s4,"Once inside the room was fabulious, well equipped and a fantastic open view of Macau, Spectacular at night",[room][+],[view][+],,,,,
c60021,s6,This was actually room service,[room service][+],,,,,,
c60022,s3,Loved everything The room was wonderful with a luxurious bathroom design I hadn__ seen since I was a kid,[room][+],[bathroom design][+],,,,,
c60022,s5,We went twice to the Spa and swimming pool facilities to enjoy the view and serene ambiance,[Spa][+],[swimming pool][+],[view][+],[ambiance][+],,,
c60022,s6,"At night we had a great meal at Aurora restaurant, which we already new and enjoyed great meals in the past, and ended our night at 38 Lounge listening to a great band",[restaurant][+],[meals][+],,,,,
c60022,s9,"To all Altira staff that were so nice and obliging, a sincere thank you for the experience",[staff][+],,,,,,
c60023,s1,I had great experiences in this hotel for sure,[experiences][+],,,,,,
c60023,s2,Good location to enjoy the quietness yet not too far from the major sites in Macau,[location][+],,,,,,
c60023,s4,And the area is full of tasty local food,[local food][+],,,,,,
c60023,s5,I'd love recommend it to other friends and clients for the implacable sea view in the room and its excellent services,[sea view in the room][+],[services][+],,,,,
c60024,s1,"The staff were absolutely amazing, rooms and facilities were spotless",[staff][+],[rooms][+],[facilities][+],,,,
c60024,s2,"The rooms were very nice, comfortable and luxurious with great views looking over the city",[rooms][+],[views][+],,,,,
c60025,s4,We were absolutely amazed by the luxuriousness  of the room as well as by the kindness of the personnel,[room][+],[personnel][+],,,,,
c60025,s5,Great choice for the value,[value][+],,,,,,
c60026,s1,The bellboy on the first floor was so kind,[bellboy][+],,,,,,
c60026,s2,"The reception view is so nice, the hotel is clean, the room view is so nice, the swimming pool is so quiet, the sauna jacuzzi facility is great",[reception view][+],[room view][+],[swimming pool][0],[sauna jacuzzi][+],,,
c60027,s1,Room design and Resort (inner swimming pool and jacuzzi) quite good Staff service quolity especially Concierge and Room service is excellent,[Room design][+],[Resort][+],[swimming pool][+],[jacuzzi][+],[Staff service][+],[Concierge][+],[Room service][+]
c60028,s5,Staffs are helpful and always ready to assist,[Staffs][+],,,,,,
c60028,s6,Should  visit roof top bar and it has outdoor area for smokers like me!  Excellent!,[roof top bar][+],,,,,,
c60029,s1,"It is absolutely a pleasant experience to stay at Altira, the best stay I've had so far Right from the point you check in, every little details is well taken care of",[check in][+],,,,,,
c60029,s2,Not to forget the amazing view from the room and indoor swimming pool Service staff were all helpful and friendly,[view][+],[room][+],[indoor swimming pool][+],[Service staff][+],,,
c60029,s3,Highly recommend everyone to stay at Altira,,,,,,,
c60030,s1,"Excellent services and room condition, outstanding waterfront view, michelin starred restaurant, but You might feel inconvenience moving by free shuttles",[Excellent][+],[room condition][+],[waterfront view][+],[restaurant][+],,,
c60030,s2,Using public transportation is better choice,[public transportation][+],,,,,,
c60031,s1,The service and the location was ideal for our couple of days trip in Macao,[service][+],[location][+],,,,,
c60031,s2,"The staff are very helpful, prompt, and polite",[staff][+],,,,,,
c60031,s3,The hotel and its facilities are top notch and I love how spacious the rooms are,[facilities][+],[rooms][+],,,,,
c60031,s4,I love how space you have for the bathroom as you can even enjoy your own bath and movie time while having your free drinks/beer each night  The facilities are always kept clean and well attended ,[bath][+],[facilities][+],,,,,
,,"The spa, gym and pools are top notch with great facilities",[spa][+],[gym][+],[pools][+],[facilities][+],,,
c60032,s2,The facilities and design is great and feel relaxing during the stay,[facilities][+],[design][+],,,,,
c60032,s3,Good service and nice staff during the whole stay,[service][+],[staff][+],,,,,
c60033,s1,"The atmosphere of the hotel is very worth it, i like to stay in Altira, beautiful hotel,clean and up to date,a will repeat again, will recomend to those who want to come to Macau",[atmosphere][+],,,,,,
c60033,s2,"the staff was so kind, verry friendly and so helpful",[staff][+],,,,,,
c60034,s2,"A very friendly welcome from the staff at main door street level, and so was at the time leave",[staff][+],,,,,,
c60034,s4,"Staff extremely professional, friendly and very attentive  to satisfy our request focusing details",[staff][+],,,,,,
c60034,s5,Very clean room with astonishing view on the sea wtih Macau skyline,[room][+],[view][+],,,,,
c60034,s8,Food was very good and abundant pottion were served,[Food][+],,,,,,
c60034,s9,"Spa service and pool was very good too, had a such good relax between sauna and steam room",[Spa service][+],[pool][+],[sauna and steam room][+],,,,
c60034,s10,"Infinity pool amazing, but water temperature could have been slightly warmer in my opinion",[Infinity pool][+],,,,,,
c60034,s11,"Lounge staff was very attentive to the service, always smiling ",[Lounge staff][+],[service][+],,,,,
c60035,s1,I think Altira is a very nice hotel,,,,,,,
c60035,s2,The room is big and nice,[room][+],,,,,,
c60035,s3,The staffs of the hotel are so nice,[staffs][+],,,,,,
c60037,s2,"Although I am not good at English, I thank Skyo for being accurate and kind",,,,,,,
c60037,s5,The view of the indoor swimming pool was magnificent,[view][+],[indoor swimming pool][+],,,,,
c60037,s7,"The hotel was fragrant, and the amenities and the prepared tea were excellent",[amenities][+],,,,,,
c60038,s2,staff are super and very attentive to your needs,[staff][+],,,,,,
c60038,s3,the restaurants are faboulous,[restaurants][+],,,,,,
c60038,s4,"but what I like is that unlike some of the bigger hotels with thousands of guests, Altira is warm and after the bustling lights of macau you can return o a wonderful room in peace",[room][+],,,,,,
c60039,s3,"The entire hotel has great ocean views (for the time being), guestrooms are relatively large (50-60 sq m) and well designed",[views][+],[guestrooms][+],,,,,
c60039,s4,"We had a good Spa experience in a ""Couple's Room"" (for a MOP500 surcharge) that featured a private sauna and Jacuzzi",[Spa][+],,,,,,
c60039,s6,Service was very prompt and courteous,[Service][+],,,,,,
c60039,s7,"The only downside I found is that there is no dedicated restaurant for western breakfast, so in-room dining / room service is the only option",[restaurant][-],[western breakfast][-],,,,,
c60040,s6,The team helped us to call for taxi and load our luggages in,[team][+],,,,,,
c60040,s7,We were wowed by their hospitality and we really appreciate it,,,,,,,
c60041,s1,"Could enjoy amazing view of Macau side from this hotel room, and staff service is quite good, so that enjoyed hotel itself 3daysAnd could enjoy Free Bar (too many) and very wide and panorama view jacuggi!!",[view][+],[room][+],[Staff service][+],[Bar][+],[view][+],,
c60042,s1,"Altira serves professionally more than 5 star quality All employees have been well trained, being attentive, friendly, professional, make me feel like super VIP all time during my stay",[employees][+],,,,,,
c60042,s2,"Each and every bit of Altira, even a tea pot and cups, are high end quality",[tea pot][+],[cups][+],,,,,
c60043,s1,"if you want to go Best Spa & Pool, you must experience Altir Hotel",[Spa][+],[Pool][+],,,,,
c60043,s2,"It have best service, cleaness room, huge room, etc",[service][+],[room][+],,,,,
c60044,s1,"What a fantastic spa, hotel and restaurantsThe service was Five Stars Plus Love Ying and their Michelin Star Menu",[spa][+],[restaurants][+],[service][+],,,,
c60044,s2,The spa and pool are the best,[spa][+],[pool][+],,,,,
c60044,s4,The views are spectacular and it is difficult to find a staff that is more service oriented than what we saw at Altira,[views][+],[staff][+],,,,,
c60045,s1,Highly recommended hotel in Macau The most beautiful view of Hotel in Macau!,[view][+],,,,,,
c60045,s2,Tasty restaurant and comfort SPA service  Everything is wonderful except  no shutter bus available from airport to hotel,[restaurant][+],[SPA service][+],,,,,
c60046,s1,"First, All staffs are very kind They were always smile and said Hi",[staffs][+],,,,,,
c60046,s4,"Second, room was Greeeaaat my room was ocean view, so on the bed you can see the beautiful Macau ocean view day and night",[room][+],[room][+],[view][+],,,,
c60046,s5,I thought night view is fantastic,[view][+],,,,,,
c60046,s6,"Plus, room size and bathtub were big",[room size][+],[bathtub][+],,,,,
c60047,s1,The room is a great surprise facing Macau side and observing with detail the huge structure been build to accommodate the bridge Hong Kong -Zhuhai- Macau,[room][+],,,,,,
c60047,s2,The indoor pool is gorgeous and very well maintained,[indoor pool][+],,,,,,
c60047,s3,All experience from check in /check out was wonderful,[check in][+],[check out][+],,,,,
c60049,s5,The moment we stepped on the vicinity of hotel the bellboy gave us a smile and a helping hand,[bellboy][+],,,,,,
c60049,s7,Then front desk staff in check in area was very friendly and professional as well,[front desk staff][+],[check in][+],,,,,
c60049,s9,Fantastic experience,[experience][+],,,,,,
c60049,s10,The view on our hotel is also awesome,[view][+],,,,,,
c60049,s11,At sauna the employee is very friendly an smiles a lot,[sauna][0],[employee][+],,,,,
c60049,s13,This forbes hotel was excellent all the staff attitude was consistent,[staff][+],,,,,,
c60049,s14,The staff are all polite and very professional in handling everything,[staff][+],,,,,,
c60050,s1,"Not so many hotels offer a cake for birthday celebration but Altira does It is not about money but its courtesy and care How can you go out and buy a cake in a city you are not familiar with At mid-night, room service staff sent us the cake ( as we requested ) in professional manner",[room service staff][+],,,,,,
c60050,s2,All staffs we saw were courteous and nice,[staffs][+],,,,,,
c60051,s1,Got a free room from friend who is a casino member,[room][+],,,,,,
c60051,s2,This small hotel really amazed me and surpassed my expectations I think one and only casino hotel that provides such tip top service,[service][+],,,,,,
c60051,s3,staffs are polite and attentive,[staffs][+],,,,,,
c60051,s4,Room is superb with fantastic seaview Hope I can have a chance to stay again,[Room][+],[seaview][+],,,,,
c60052,s1,This is my second stay and one thing always attracts my heart about this boutique hotel is the panorama view of bridges and beautiful skyline from top floor,[view][+],,,,,,
c60052,s2,Service was seamless and offered late check out since my ferry time was 4 pm,[Service][+],[check out][+],,,,,
c60053,s2,The room is bigger than most of the rooms in Macau with a huge bathtub which fits more than one,[room][+],[bathtub][+],,,,,
c60053,s3,The service is absolutely stunning and the view is just shocked,[service][+],[view][+],,,,,
c60053,s5,Perfect service from front desk Andrew,[service][+],,,,,,
c60053,s6,Great in-room dining selections and food quality as well,[in-room dining][+],[food quality][+],,,,,
c60054,s1,Had an amazing stay and experience at Altira,[stay][+],[experience][+],,,,,
c60054,s2,All the staff were courteous and professional,[staff][+],,,,,,
c60054,s3,The staff prepare the room in the evening as well,[staff][+],[room][+],,,,,
c60054,s5,"There are ample drinks in the fridge, the bathtub and shower is excellent",[drinks][+],[fridge][+],[bathtub][+],[shower][+],,,
c60054,s6,The swimming pools and facilities is excellent and toiletries supplied,[swimming pools][+],[facilities][+],,,,,
c60054,s7,The view of Macau is very nice,[view][+],,,,,,
c60054,s8,There is a ncie free shuttle to the harbours and city of dreams and studio city,[shuttle][+],,,,,,
c60055,s3,The hotel is just unbelievable When you arrive you feel that starting from the first step through the hotel door to the lobby for check inn to the stunning room,[door][+],[lobby][+],[check in][+],[room][+],,,
c60055,s7,Room:  Best part in my trip was the hotel room,[Room][+],,,,,,
c60055,s8,"It was very big, comfortable, and the view was amazing during day time full big window on the sea and at night time full stunning view on the_",[view][+],,,,,,
c60056,s1,"The Hotel room was outstanding , was there to celebrate my birthday on a spa package  The Food at the Chinese Restaurant was Amazing  The Director of Room Alan Yu Sent me a Surprise Cake at 11:59pm That was a great gesture by him ",[Food][+],[Director of Room][+],,,,,
c60056,s2,"The Spa was Amazing , The Staff at the Altira Spa will Pamper you , i am sorry but i should appreciate the way the staff handled us , unfortunately i dont remember the names but the hotel will certainly would have a record of who i am talking about, i was so Relaxed that i just remember that both the staff was from phillipines ",[Spa][+],[Staff][+],,,,,
c60057,s2,The view in the room and the infinity pool was amazing it's over looking at the bay and macau side but what I impressed the most is the birthday cake surprise for my son,[view in the room][+],[pool][+],,,,,
c60057,s3,Even the service of the staffs are also excellence Thank you so much for making us feel like is our second home and given us a memorable birthday celebration,[service][+],[staffs][+],,,,,
c60058,s4,"Room was very amazing, the mini-bar had complimentary 2 beers, big double beds, and a spacious bathroom with a big bath tub and 2 sinks",[Room][+],[mini-bar][+],[double beds][+],[bathroom][+],[bath tub][+],,
c60058,s5,The swimming pool was great,[swimming pool][+],,,,,,
c60058,s6,It is an amazing infinity pool in the middle of the building where you have a view of the city,[infinity pool][+],,,,,,
c60058,s7,"They also have a huge spa, high standarded steam room, saunas, and locker rooms",[spa][+],[steam room][+],[saunas][+],[locker rooms][+],,,
c60058,s11,The price is very affordable but high quality hotel,[price][+],[quality][+],,,,,
c60059,s2,From Elaine at the 38th lounge that took care of us and the magnificent Housekeeping staff that kept our room so elegant always,[Housekeeping staff][+],,,,,,
c60059,s3,Me and my wife had a memorable experience and the best Anniversary Stay ever thanks those staffs,[experience][+],[staffs][+],,,,,
c60060,s2,"Hotel room was beautiful, and breakfast is in and was really nice",[room][+],[breakfast][+],,,,,
c60060,s4,"The spa couples room was really nice, we were treated very well and had the room and jacuzzi to ourselves for an additional hour after",[spa][+],[room][+],[room][0],[jacuzzi][0],,,
c60061,s4,The restaurants inside the hotel are excellent,[restaurants][+],,,,,,
c60061,s6,The room gives you the beautiful sea view with the Macau Tower and the glittering hotels,[room][+],[sea view][+],,,,,
c60061,s7,I especially like the indoor pool which is well equipped with spa facilities,[indoor pool][+],[spa facilities][+],,,,,
c60062,s2,"but their big room is very clean, nice n good view too, n the service is awsome",[room][+],[view][+],[service][+],,,,
c60062,s4,very best in service,[service][+],,,,,,
c60063,s1,Very large comfortable and stylish fitted out room,[room][+],,,,,,
c60063,s2,Great bed  huge comfortable couches with views across the water facing mainland Macau,[couches][+],[views][+],,,,,
c60063,s3,The indoor pool is great when other hotels have closed outdoor pools for winter and it has fantastic views over to mainland Macau,[indoor pool][+],[outdoor pools][+],[views][+],,,,
c60063,s4,Sauna and steam room within the gymnasium floor and fully equipped large gym with free weights and machines,[Sauna and steam room][+],[gym][+],,,,,
c60064,s2,"The check in on the 38th floor was seamless, with charming team at the front desk made sure we were well taken care of with a stunning room on the 21st floor",[check in][+],[team][+],[front desk][+],,,,
c60064,s3,"The room itself was lush, a soft bed with beautifully pressed linen and a super cuddle-friendly couch if you're enjoying the stay with a special someone",[room][+],[bed][+],[linen][+],[couch][+],,,
c60064,s4,"The giant bathtub was icing on the cake, with even a small TV on the top of the mirror so we'd have something to watch when soaking in the tub",[bathtub][+],[tub][0],,,,,
c60064,s5,The bathroom was wonderfully spacious (one small criticism is that the mirror isn't very friendly for women to apply make-up),[bathroom][+],[mirror][-],,,,,
c60064,s6,"We used the pool once, which has nice spa facilities and changing areas",[pool][0],[spa facilities][-],[changing areas][-],,,,
c60065,s2,starting with the friendly welcome by the conceirge who escorts you in the lift to reception,[conceirge][+],,,,,,
c60065,s9,Ideal as our luxurious room had 2 king size beds A dressing room and separate wet room and WC Ideal!!!,[room][+],[beds][+],[dressing room][+],[wet room][+],[WC][+],,
c60066,s2,This restaurant locates at higher floor can absorb sunlight heard that watch fireworks is fantastic here,[restaurant][0],[floor][+],,,,,
c60066,s3,Dessert is well presented and surprisingly by the container to display such a magical piece,[Dessert][+],[container][0],,,,,
c60067,s2,We ordered room service which was excellent service and food,[room service][+],[service][+],[food][+],,,,
c60067,s3,"There's not much in the to do in the hotel, but we did hear the pool was good",[pool][+],,,,,,
c60067,s4,"The spa was wonderful, there's a shower room and spa pool to use before or after the",[spa][+],[shower room][+],[spa pool][+],,,,
c60068,s4,Specially the staffs are well mannered and very friendly,[staffs][+],,,,,,
c60068,s5,The Filipino staffs are always smiling,[staffs][+],,,,,,
c60069,s2,"It's a pity that we only stayed for 1 night, because the room was big and luxurious (note that we're used to Hong Kong apartment standards) and the view was stunning",[room][+],[view][+],,,,,
c60070,s2,"The moment i came to the reception, my friends (2 of them) & i were welcomed by the warm staff with water, we were given a tea set as we entered the room",[reception][+],[staff][+],[tea set][+],,,,
c60070,s8,"Nonetheless, the staffs handled the situation very well and we were treated nicely and very welcome",[staffs][+],,,,,,
c60070,s9,The staffs are all smiling and warm towards us,[staffs][+],,,,,,
c60070,s10,The view was amazing And the movies were free inside the_,[view][+],[movies][+],,,,,
c60071,s6,"When i got in the room, the view was stunning",[room][0],[view][+],,,,,
c60071,s7,I can see the wonderful panorama view of the sea and the Macau peninsula,[view][+],,,,,,
c60071,s8,The room is comfortable and simple decoration with style,[room][+],[decoration][+],,,,,
c60073,s2,"From the moment you check in at the sky lobby, you will be awed by the drop-dead view of the entire bay and downtown Macau across",[check in][+],[sky lobby][+],,,,,
c60073,s4,Our room had the beautiful view,[room][0],[view][+],,,,,
c60073,s5,Everything in the room was quality,[room][+],[quality][+],,,,,
c60073,s6,Maid service was good and paid attention to details,[service][+],,,,,,
c60073,s7,"The indoor pool and spa was impressive and with good service, and yes another great view as well",[indoor pool][+],[spa][+],[service][+],[view][+],,,
c60073,s9,The only thing is that the location of the hotel is not at the heart of Cotai Strip and it does not offer shuttle service,[location][-],[shuttle service][-],,,,,
c60074,s2,"The staff were friendly, professional and immaculately presented",[staff][+],,,,,,
c60074,s3,"We were escorted up to reception on level 38, offered water and checked-in promptly",[checked-in][+],,,,,,
c60074,s5,We were frankly surprised at how spacious the room was and how spectacular the views,[room][+],[views][+],,,,,
c60074,s7,Breakfast was included and was lovely; fast wifi was also complimentary,[Breakfast][+],[wifi][+],,,,,
c60074,s8,"Water, soft drinks and beer from the lovely minibar ",[minibar][+],,,,,,
c60075,s1,"I have stayed in more than 10 difference hotels in Macau before and this was the first time I stayed at Altira and was really impressed by the services, the facilities provided by the hotel as well as the hotel room",[services][+],[facilities][+],,,,,
c60075,s2,Check in / out at the 38 floor was fast,[Check in][+],,,,,,
c60075,s3,Complementary breakfasts were offered to us even though my booking does not included breakfast (in fact I booked at a very very low price),[breakfasts][+],,,,,,
c60075,s5,"The water front room was big, comfortable and with a very nice view (I stayed at the 35th floor)",[front room][+],[view][+],,,,,
c60075,s6,"The mini bar for drinks and beers, the movies on demand, internet are all complimentary",[mini bar][+],[movies][+],[internet][+],,,,
c60075,s7,Indoor swimming pool is amazing at the 16th floor and the counter also offer free drinks which included fresh fruit juices,[Indoor swimming pool][+],[counter][+],,,,,
c60076,s2,"I must say that this is one of the few hotels that gives you a cozy environment to hide away from city life if you want to, or a base for you to explore interesting locations around",[environment][+],[locations][+],,,,,
c60076,s5,Security is very good as you have to enter the hotel concierge on the ground floor before taking a lift all the way to the reception desk on the 38th floor,[Security][+],[concierge][+],[reception desk][0],,,,
c60076,s6,Being on the high floor gives us very good view of Macau both day and night,[view][+],,,,,,
c60076,s7,Room is spacious and mini bar is stocked with soft drink and beers for yours free,[Room][+],[mini bar][+],,,,,
c60077,s3,"the service is impeccable , HUGE rooms, super well designed, every little detail is thought off and to top it off the minibar is FREE yes",[service][+],[rooms][+],[minibar][0],,,,
c60078,s1,"Room was clean , whole hotel experience very good",[Room][0],[experience][+],,,,,
c60078,s2,"Had a swim in there wonderful pool, very helpful afterwards took us to the spa pool, had a sauna , and after wards u could shower and had everything from cream to hairdryer",[pool][+],[spa pool][+],[sauna][0],,,,
c60079,s2,"costs as much as other hotels but the rooms, views and the space is amzaing",[costs][+],[rooms][+],[views][+],[space][+],,,
c60079,s3,the morning breakfast is to die for just absolutely divine,[breakfast][+],,,,,,
c60080,s2,The staff are all extremely polite and professional,[staff][+],,,,,,
c60080,s3,"Unlike several other luxury hotels in Macau where we felt like we had to fight for attention in order to get help, in Altira we were addressed by name and every staff we we met were ready and willing to offer us help whenever we needed",[staff][+],,,,,,
c60080,s6,"I especially loved the large, round bath tub and the floor to ceiling windows ",[bath tub][+],[floor][+],[ceiling windows][+],,,,
c60081,s2,From the moment you arrive staff are very helpful to run to push elevator buttons and to service every need,[staff][+],[staff][+],,,,,
c60081,s3,The room was very comfortable and spacious with nice cosmetics,[room][+],[cosmetics][+],,,,,
c60081,s4,"Much of the mini bar is complimentary, fresh fruit each day",[mini bar][+],,,,,,
c60081,s5,Breakfast was the only downside as they just begin to change the way it is served,[Breakfast][-],,,,,,
c60082,s1,I came here to watch the Fireworks and it was a good location to enjoy the Fireworks Show here,[location][+],,,,,,
c60082,s2,"I went to lunch before I check in and they arranged to pick me up at the restaurant, it's really a six stars service We were warmly welcomed by staff of the hotel and the room is clean and comfortable, all the snacks in the bar is free including a small bottle of red wine",[service][+],[staff][+],[room][+],[snacks][+],,,
c60082,s3,"After a wonderful evening, we have breakfast in the room enjoying the spectacular view",[breakfast][0],[room][0],[view][+],,,,
c60083,s1,One of the best hotel stay we had for a long time comfortable room with a great view,[room][+],[view][+],,,,,
c60083,s2,F&B:  Japanese buffet choices/ selections are very good,[F&B][+],[Japanese buffet choices][+],,,,,
c60083,s3,"Front service staffs are great, nothing is too much for them",[Front service staffs][+],,,,,,
c60084,s2,"Beautiful rooms with a lot of living space amazing view and breakfasts in room, we got everything what we paid for",[rooms][+],[view][+],[breakfasts][+],,,,
c60084,s3,Staff is very helpful and always there for you,[Staff][+],,,,,,
c60085,s3,"Having breakfast served in our room was a delight, the underwater music of the infinity pool was soothing and the large comfortable room with amazing views meant we were very to content to just laze around all day",[breakfast][0],[infinity pool][+],[room][+],,,,
c60085,s4,"We enjoyed gym and the locker room with the Jacuzzi, sauna and steam room meant that I didn't use our huge bathtub in our room as much as I would have liked",[gym][+],[locker room][+],[Jacuzzi][+],[sauna][+],[steam room][+],,
c60086,s2,"Very Nice room, gorgeous swimming pool and outstanding service",[room][+],[swimming pool][+],[service][+],,,,
c60087,s4,You must visit and enjoy the pool with the accompanying water facilities,[pool][+],[water facilities][+],,,,,
c60087,s6,Did not partake in the hotel's f&b as there are various affordable options on 3 sides of the hotel,[f&b][+],,,,,,
c60087,s7,You can walk in to a local coffee shop (cha chan teng) for breakfast set,[coffee shop][+],,,,,,
c60088,s2,"Staff were friendly, in-room breakfast was great, all rooms have a great view of the Macau Skyline",[Staff][+],[in-room breakfast][+],[rooms][+],[view][+],,,
c60090,s5,Dining experience here is can never be the same in any part of the world I have traveled,[Dining experience][+],,,,,,
c60090,s6,The room I stayed has a fantastic view of Macau,[room][+],[view][+],,,,,
c60090,s7,"The room is fresh, clean and well maintained",[room][+],,,,,,
c60091,s2,"The CLEAN MODERN INTERIORS, SPACIOUS AND PRETTY BATHROOM, MINI BAR packed with FREE DRINKS and instant noodles, and wide selection of HOLLYWOOD MOVIES (FOR FREE) are all wonderful points",[INTERIORS][+],[BATHROOM][+],[MINI BAR][+],[FREE DRINKS][+],[HOLLYWOOD MOVIES][+],,
c60091,s4,The POOL: This made such an impression on us that we still talk about and miss it till now,[POOL][+],,,,,,
c60091,s5,the water is really soft and light (great to swim through); there's spa music underwater; it's indoor and has an amazing view of the city (you can see the Grand Lisboa and MGM from the pool); and they give you mixed nuts and dried fruit as you relax poolside,[water][+],[view][+],,,,,
c60091,s6,"The sauna, steam rooms, and jacuzzi are all spacious and clean as well",[sauna][+],[steam rooms][+],[jacuzzi][+],,,,
c60092,s1,The Good -The rooms were very spacious and well designed,[rooms][+],,,,,,
c60093,s2,All the staffs were very passionate and dedicated,[staffs][+],,,,,,
c60093,s3,We were escorted to the concierge located at the top floor once we arrived and our luggages were all carried by the helpful staff,[concierge][0],[staff][+],,,,,
c60093,s4,The staff at the concierge kindly gave a lot of advices on what to do in Macau,[staff at the concierge][+],,,,,,
c60093,s7,"It was way more than I expected: stunning city and water views looking over the harbour and casinos on the other side, comfortable room with a cloak room, the bathtub (OMG) in the bathroom can probably fit 6 people inside",[views][+],[room][+],[cloak room][+],[bathtub][+],,,
c60094,s2,"Extremely professional service, good value for your money",[service][+],[value][+],,,,,
c60095,s2,"The staff are just amazing,remembered  Our name and greeted us every time we went in or out",[staff][+],,,,,,
c60095,s3,The rooms are a super size with stunning views over Macau,[rooms][0],[views][+],,,,,
c60096,s2,"The staff are exceptional, the rooms are fantastic, the view is simply stunning, the pool area is so peaceful and the service is excellent",[staff][+],[rooms][+],[view][+],[pool area][+],[service][+],,
c60097,s1,We had a great time in this hotel The rooms were huge and extremely luxurious,[rooms][+],,,,,,
c60097,s2,The bath was a treat and the beds were soft and comfortable,[bath][+],[beds][+],,,,,
c60097,s3,"The pool facilities were fantastic, but there are not many pool chairs so if they are full you may need to be a little patient",[pool facilities][+],[pool chairs][-],,,,,
c60097,s5,The view on the Macau facing side is amazing at night,[view][+],,,,,,
c60098,s1,This is a beautiful boutique hotel with great service,[service][+],,,,,,
c60098,s2,"The rooms are huge, with a comfortable lounge area, SATISFIED bathroom and wonderful views",[rooms][0],[lounge area][+],[bathroom][+],[views][+],,,
c60098,s3,The pool is lovely and the breakfast room service was great,[pool][+],[breakfast room service][+],,,,,
c60098,s4,"However, the best part about this hotel is the service, everyone, from the doorman to reception to the pool attendant are friendly and respectful and go above and beyond",[service][+],[doorman][+],[reception][+],[attendant][+],,,
c60098,s6,Well done to a great team,[great team][+],,,,,,
c60099,s2,The hotel lobby was located on the roof of the building which shown a wonderful view of Macau,[lobby][0],[roof][0],[view][+],,,,
c60099,s4,Room is super comfortable with amazingly huge bath tub (you can even fit in 4 people i guess,[Room][+],[bath tub][+],,,,,
c60100,s2,"Great view We all like the hotel very much with its comfortable, modern and comfortable rooms, top class facilities, friendly staff and strategic location with easy access to taxi and public transport for sightseeing",[view][+],[rooms][+],[facilities][+],[staff][+],[location][+],,
c60101,s3,The view itself is worth the cost,[view][+],,,,,,
c60101,s4,"The service was tip top, couldn't ask for better staff, Everything about this hotel was beyond my expectation",[service][+],[staff][+],,,,,
c60102,s2,The King Waterfront rooms are very comfortable and want for nothing,[rooms][+],,,,,,
c60102,s3,"The views to Macau central are panoramic and the hotel is well located to the temporary Ferry Wharf, Cotai and the various other Casinos and sights",[views][+],,,,,,
c60102,s4,The friendly and professional staff at the Altira made our stay an extremely pleasant one and we would highly recommend this hotel,[staff][+],,,,,,
c60103,s1,Spectacular Rooms and Service  Their infinity pool is really spectacular with a 180 degree of Macau Penisular,[Rooms][+],[Service][+],[infinity pool][+],,,,
c60103,s2,"Special mention for the view from our room, one of the best I've seen in Macau",[view][+],[room][+],,,,,
c60103,s3,Memorable and romantic night view,[view][+],,,,,,
c60103,s4,The Japanese Tempura restaurant is very good and famous,[restaurant][+],,,,,,
c60104,s1,"First Impression: All the staff dress smartly, fully alert, attention to details with great customer service",[staff][+],[service][+],,,,,
c60104,s2,Room: Welcome tea and the complementary birthday cake that serve to our room is impressive,[Room][+],[Welcome tea][+],[complementary birthday][+],[room][0],,,
c60104,s3,"Not only the super comfort bed, the big round shape bathtub inside our room is something worth to mention too",[bed][+],[bathtub][+],[room][0],,,,
c60104,s5,The helpful staff can show u very yummy local food within walking distance if Japanese & Hot pot restaurant in the hotel is not your choice,[staff][+],,,,,,
c60104,s6,"There is a very nice local food: ""feichaiman"" within 5 min walking distance from the hotel",[local food][+],,,,,,
c60105,s1,"Got a really good location and view for a night in this hotel, didnt quite expect it to be this good since the hotels in Macau are mostly catered for the hungry gamblers even if they are 5 star hotels, there is always something missing",[location][+],[view][+],,,,,
c60105,s2,Altira is the only one ice experienced really really good service,[service][+],,,,,,
c60105,s3,"Could not fault anything from the moment the concierge staff took my bags, he started up conversations even in the elevator",[concierge staff][+],,,,,,
c60105,s5,the efficient staff spoke good English and always make a point of addressing you by the name,[staff][+],,,,,,
c60105,s6,Everyone seemed so sincere And the pool is just beautiful with crazy views perched up high,[pool][+],,,,,,
c60105,s8,"Even if it is a casino hotel, you won't see those crowds at all and the service is really top notch!",[service][+],,,,,,
c60106,s2,The hotel is amazing and the service one of the best,[service][+],,,,,,
c60106,s3,Room dining in is very nice all of the staff are very friendly starting from the door man until the room they try to welcome you to the hotel,[Room dining][+],[staff][+],[door man][+],[room][+],,,
c60106,s4,Good location bear to dream city only 22 HKD  Very romance hotel with no crowded gamblers,[location][+],,,,,,
c60107,s1,i like the cozy rooms in spa,[rooms in spa][+],,,,,,
c60107,s2,"very nice amenity, comb, tooth brush",[amenity][+],[comb][+],[tooth brush][+],,,,
c60107,s7,"the massage room makes it convinient not crowded place like some places, which the whole  purpose of going to spa is to have some peace n quiet",[massage room][+],,,,,,
c60108,s1,We decided to see the sights of Macau and stay one night to make it easier,,,,,,,
c60108,s2,The Altira hotel is a casino hotel but you wouldn't know it! We had an enormous room with a spectacular view and the service was impeccable,[room][+],[view][+],[service][+],,,,
c60108,s3,Immaculately clean and every amenity you could wish for,[amenity][+],,,,,,
c60109,s1,"This Forbes-rated hotel is superbly located on the Taipa side near the two bridges linking to old Macau ,  providing an awesome panoramic view of the Macau  city skyline especially at night",[view][+],,,,,,
c60109,s2,"And to capitalize on the great view, the hotel provides in-room breakfast as part of the room package",[view][+],[in-room breakfast][+],,,,,
c60109,s3,The service was great -  attentive & genuinely courteous staff from the Front Desk to the Bellhops to the Room Service staff,[service][+],[staff from the Front Desk][+],[Room Service staff][+],,,,
c60109,s4,The  well-furnished room was very spacious and the toilet was the probably the best amongst all the hotels I stayed in this region,[room][+],,,,,,
c60110,s1,"Pros: - spectacular seaview - restaurants: both its Italian and Japanese restaurants are fantastic - staff: very warm, friendly, and sincere, a refreshing change from the ordinary - in-room entertainment: loads of FREE new movies for the family - gym: spacious and well appointed with great views",[seaview][+],[restaurants][+],[staff][+],[gym][+],,,
c60111,s2,"We were treated like ViPs the whole time, with the staff being very helpful and professional",[staff][+],,,,,,
c60111,s3,The swimming facilities were fantastic and it had a stunning views,[swimming facilities][+],[views][+],,,,,
c60112,s1,I was very fortunate to book during the Easter break and receive a great deal on an excellent room with a fantastic view and and hour long Spa treatment,[room][+],[view][+],[Spa][+],,,,
c60112,s2,"When we arrived, we found it odd to have to take the lift to the top of the building to find the lobby to check in, quite unique but again, slightly odd",[lobby][+],,,,,,
c60112,s3,We were greeted with a fantastic view and friendly staff,[view][+],[staff][+],,,,,
c60112,s8,The facilities are quite impressive too,[facilities][+],,,,,,
c60113,s1,very good hotel every thing pool no10 in wrold eat good  relxa i like this hotel everything was first class but staff was exceptional we've great time The hotel facilities and amenities are amazing and the staff's attention to detail is fabulous,[staff][+],[facilities][+],[amenities][+],,,,
c60113,s2,The selected free mini bar and the welcome tea on arrival were lovely touches,[mini bar][+],[welcome tea][+],,,,,
c60114,s1,The room is perfect in every little detail its spacious and has a huge sofa and amazing bathroom with a bathtub and great view,[room][+],[sofa][0],[bathroom][+],[bathtub][+],[view][+],,
c60114,s2,Its just perfect The checkin was so smooth and they housekeeping were really good,[checkin][+],[housekeeping][+],,,,,
c60114,s4,The location of the hotel is not exactly at the tourist attractions its a few minutes drive which was perfect because it was calm and quiet away from the other busy hotels and noisy casinos,[location][+],,,,,,
c60114,s5,The in room dine in was good but a bit expensive but the Aurora restaurant didn't taste as good as I expected,[in room dine][+],,,,,,
c60115,s4,The bathroom features a large tub and shower room,[bathroom][+],[tub][+],[shower room][+],,,,
c60115,s5,The large pool has a panoramic view of Macau,[pool][+],[view][+],,,,,
c60115,s7,At all times the service was excellent,[service][+],,,,,,
c60116,s2,Our room was beautifully set up with a separate large seating area and plenty of desk space,[room][+],[seating area][+],[desk space][+],,,,
c60116,s3,A full wall of window overlooked the harbor and mainland Macau,,,,,,,
c60116,s4,We had a room package that included breakfast in the room which is very good,[breakfast in the room][+],,,,,,
c60117,s2,Perfect for a couple getaway,,,,,,,
c60117,s3,Comfortable room with amazing bathtub and spectacular view like nowhere else,[room][+],[bathtub][+],[view][+],,,,
c60117,s4,"Definitely get a breakfast in room-delicious food, Amazing The service is very attentive and you will feel like a celebrity the way they treat you",[breakfast in room][+],[food][+],[service][+],,,,
c60117,s5,We got a limousine pick up and drop off and it was all worth it Nice new cars (BMW) with wet towels and water provided,[limousine][+],,,,,,
c60118,s1,"Chic, comfortable , good service, very very good SPA The massage was awsome The breakfast gorgeous",[service][+],[massage][+],[breakfast][+],,,,
c60118,s2,"The room is cosy, practical and elegant design",[room][+],[design][+],,,,,
c60118,s3,"ask a hight level, the view is fabulous The only negative point, a bit far from the main interest of Macau",[view][+],,,,,,
c60119,s7,Just go there and enjoy the view and of course the food,[view][+],,,,,,
c60119,s8,The service was ok and professional with some issues which are easily forgivable,[service][+],,,,,,
c60120,s1,"Altira Macau is located close enough to all the chaos, yet you feel completely at home in its large comfortable rooms and fantastic spa/changing rooms",[rooms][+],[spa][+],[changing rooms][+],,,,
c60120,s2,PRO's: - High comfort rooms - Gorgeous swimming pool/spa/changing room - Fantastic view - Great in-depth interior design - Very friendly and helpful staff ,[rooms][+],[swimming pool][+],[spa][+],[changing room][+],[view][+],[interior design][+],[staff][+]
c60121,s3,Limo pick up service & drop off was efficient & on time & luggage was dealt with as soon as we were picked up,[Limo pick up service][+],,,,,,
c60121,s4,"We were greeted by name from pick up to front door to reception which is a nice touch, but bit weird",[front door][+],[reception][+],,,,,
c60121,s5,"The room has everything incl a lovely view of Macau- all amenities you need are here- products used are Aigner in Leather, slippers are velvety & dressing gowns are silky",[room][0],[view][+],[amenities][+],[gowns][+],,,
c60121,s6,Room service is pretty good- they even give you an etd for the room service and are on time Breakfast in bed is the best thing especially with the view_,[Room service][+],[room service][+],[Breakfast in bed][+],,,,
c60122,s2,It is incredibly good value,[value][+],,,,,,
c60122,s5,"And get back to your room, where you get absolutely the best view over Macao",[room][0],[view][+],,,,,
c60122,s6,"The room are huge and very fancy, as well as the service",[room][+],[service][+],,,,,
c60122,s7,The roof bar garden is the best roof bar in Macao,[roof bar garden][+],,,,,,
c60122,s8,The breakfast is served in your room and is amazing,[breakfast][+],,,,,,
c60122,s9,"Don't miss the swimming pool, again it gives you the most amazing view",[swimming pool][+],,,,,,
c60123,s8,"The room had an amazing foyer, large comfortable queen size bed, a desk area and a large sectional couch by the huge picture window",[foyer][+],[bed][+],[desk area][+],[couch][+],,,
c60123,s9,"The amazing bathroom, which takes up about 1/3 of the room is compete with a walk-in closet, LARGE soaking tub",[bathroom][+],[tub][+],,,,,
c60125,s1,"From its stunning views, competent and attentive staff and its large family suite this hotel cannot be faulted",[views][+],[staff][+],[family suite][+],,,,
c60125,s2,Relaxing swimming pool and a sauna and steam room that actually worked - many a 5 star hotel weakness,[swimming pool][+],[sauna][+],[steam room][+],,,,
c60125,s3,Concierge spoke perfect English,[Concierge][+],,,,,,
c60125,s4,We even were provided an extra-early room service breakfast free of charge as we were missing our breakfast to get the ferry to HK International Airport,[room service breakfast][+],,,,,,
c60126,s1,it was great good service,[service][+],,,,,,
c60126,s2,The staff were really friendly and the swimming pool was awesome i particularly the music every time you went under the water it was really relaxing,[staff][+],[swimming pool][+],,,,,
c60127,s1,I recently visited this place on a romantic getaway weekend with my wife and we were both blown away by the service and our room itself,[service][+],[room][+],,,,,
c60127,s2,"The staff was incredibly professional and very heplful, plus they all speak very good english",[staff][+],,,,,,
c60127,s3,It is a beautiful hotel and our entire experience was great,[experience][+],,,,,,
c60127,s6,The room was very modern and well layed out,[room][+],,,,,,
c60127,s8,"The amazing bathroom has a shower, dual sinks, and a tub big enought to easily fit 2 adults",[bathroom][+],,,,,,
c60128,s3,We're greeted at Macau ferry terminal and the personnel attendant was very professional,[personnel attendant][+],,,,,,
c60128,s6,No need worry if you shop a lot as the bell attendants there is very helpful,[bell attendants][+],,,,,,
c60128,s7,"Upon arrival at the hotel, we go straight to 38 floor for check-in and once we reached there, we greeted by the staffs with a genuine smile",[staffs][+],,,,,,
c60128,s9,The view is magnificent,[view][+],,,,,,
c60129,s3,We arrived at the lobby and the staff still remembered my name and when I was there the last time,[lobby][+],[staff][+],,,,,
c60129,s6,The view from the room was very nice and the room itself was spacious and clean,[view from the room][+],[room][+],,,,,
c60129,s7,We used their restaurant for brunch which was excellent,[brunch][+],,,,,,
c60129,s9,Using the Spa was just icing on the cake and so relaxing,[Spa][+],,,,,,
c60131,s4,Everything from the spectacular view from my room to the service to the amazing Italian restaurant exceeded expectations,[view][+],[room][+],[service][+],,,,
c60131,s5,Even the bar/lounge on the 38th floor and band were great,[bar][+],[lounge][+],,,,,
c60131,s6,Great value for what you get,[value][+],,,,,,
c60132,s3,The moment we reached the hotel the personalised service  shown by the staff is the best i have experienced so far in all my trips around the world,[service][+],[staff][+],,,,,
c60133,s3,The staff treats you like you want to be treated at a five star hotel,[staff][+],,,,,,
c60133,s4,The room had an amazing water view and the decor was great,[room][+],[view][+],[decor][+],,,,
c60133,s5,This hotel has everything you need and the location is so close to everything that you get there in minutes,[location][+],,,,,,
c60133,s6,The restaurant and spa which is included in the hotel is excellent,[restaurant][+],[spa][+],,,,,
c60134,s3,"We stayed in a suite on one of the top floors and the view was incredible, service is great and very attentive, the spa is really good and the swimming pool is very relaxing although not huge",[suite][+],[view][+],[service][+],[spa][+],,,
c60134,s4,I really liked the minimal decor and the size of the rooms,[decor][+],[rooms][+],,,,,
c60134,s5,"We had drinks on the roof terrace and dinner at the Japanese restaurant, we enjoyed both very much",[roof terrace][+],[restaurant][+],,,,,
c60134,s6,"The food was great (strongly recommend the Japanese hot-pot), and the view from the roof terrace bar was pretty spectacular",[food][+],[view][+],[roof terrace bar][+],,,,
c60135,s4,"The rooms are spacious, clean, smartly designed, tastefully decorated, and well maintained",[rooms][+],,,,,,
c60135,s8,The staff were the friendliest and most professional,[staff][+],,,,,,
c60135,s9,"Our butler was a polite and efficient young man, who seemed to be committed to providing us with the best service",[butler][+],[service][+],,,,,
c60136,s2,"It has a great sea view, conveniently located near all the attractions",[view][+],,,,,,
c60136,s4,Spacious rooms equipped with everything you might need,[rooms][+],,,,,,
c60136,s5,Very kind and attentive personnel,[personnel][+],,,,,,
c60137,s2,The room was above and beyond anything we could have imagined,[room][+],,,,,,
c60137,s3,The staff were very friendly and professional,[staff][+],,,,,,
c60137,s5,Afterwards we had more time to use the facilities and enjoy a spa lunch,[facilities][+],[spa lunch][+],,,,,
c60137,s6,We also ate at the Aurora Restaurant and the meal was phenomenal,[Restaurant][+],,,,,,
c60138,s1,Frankly I wasn't interested to stay in Altira before I came to the hotel because of it's location,[location][+],,,,,,
c60138,s3,We were warmly greeted by the hotel staff at ferry port,[staff][+],,,,,,
c60138,s5,"From the time we arrived to hotel until stepped out, staffs are amazingly friendly, attentive and helpful",[staffs][+],,,,,,
c60139,s3,"Rooms have a spectacular view of the Macau peninsula, but more importantly, is the management and the team that are always available to meet your needs/demands, and always with a smile",[Rooms][+],[view][+],[team][+],,,,
c60140,s2,"The Spa is a must try, we had a winter package and it was such value for money, the suites are amazing with bed, jacuzzi, monsoon showers with mood lighting, tea etc",[Spa][+],[suites][+],[bed][+],[jacuzzi][+],[showers][+],,
c60141,s3,"I have never stayed in such a place before: A massive suite of rooms with a full-wall skyline view, everything very tastefully designed, not tacky like in Vegas",[suite][+],[rooms][+],[view][+],,,,
c60141,s6,The staff was attentive but not imposing,[staff][+],,,,,,
c60142,s2,"Friendly, genuinely helpful staff that work very efficiently (which I find rare in Macau sorry to say",[staff][+],,,,,,
c60142,s4,"Room quality is great, clean, sleek, modern and feels spacious",[Room quality][+],,,,,,
c60143,s2,"From the limousine pickup to drop-off, we thoroughly enjoyed each moment in this lavish hotel",[limousine][+],,,,,,
c60143,s9,Villa was on 36th floor with a grand sea view and amazing view of the casinos skyline at night,[Villa][+],[sea view][+],[view][+],,,,
c60143,s10,"Buffet breakfast was good, not great variety but fine food",[Buffet breakfast][+],,,,,,
c60144,s5,"The staff was amazing:  from the porters to the management, the service was consistently great without being overbearing, even for us average Joe's",[staff][+],[service][+],,,,,
c60144,s6,The spa was superb - the private room is well worth the extra 500 MOP,[spa][+],,,,,,
c60144,s7,Breakfast at the Aurora is wonderful,[Breakfast][+],,,,,,
c60144,s8,Housekeping is pristine,[Housekeeping][+],,,,,,
c60144,s9,The concierge staff could not do enough for us,[concierge staff][+],,,,,,
c60145,s2,First class service from the moment we were met at the ferry terminal,[service][+],,,,,,
c60145,s3,Hot towels and drinks were served during our limousine transfer to the hotel,[towels][+],[drinks][+],[limousine][0],,,,
c60145,s4,Speedy check-in and hot tea were served by our personal porter once we were in the room,[Check-in][+],[hot tea][+],,,,,
c60145,s5,Spacious room with beautiful habour view that overlooking Macau main island,[room][0],[view][+],,,,,
c60145,s6,Complementary fruits and mini bar with choices of beers and soft drinks,[fruits][+],[mini bar][+],,,,,
c60145,s7,Huge bathroom where the boys enjoyed soaking themselvesin the huge Japanese bath tub every night,[bathroom][+],[tub][+],,,,,
c60145,s8,Excellent spa services and massages that make me want to come back to Macau just for that,[spa services][+],[massages][+],,,,,
c60146,s2,This (waterview) room has a stunning view and the service is impeccable,[waterview][+],[room][+],[view][+],[service][+],,,
c60147,s3,The view is fantastic panorama of Macau harbor and night lights and the hotel is designed so that every room has the view,[view][+],[room][+],[view][+],,,,
c60147,s4,"The decor in the lobby and restaurants is artistic and engaging, but also makes you feel relaxed and welcome",[decor][+],[lobby][+],[restaurants][+],,,,
c60147,s5,Front desk staff very friendly and helpful,[Front desk staff][+],,,,,,
c60147,s6,The room layout makes the most of the spectacular view with bed and sofas all optimally located to soak it in,[room layout][,[view][+],[bed][+],[sofas][+],,,
c60147,s7,The bathroom is opulent and romantic,[bathroom][+],,,,,,
c60147,s8,The gym and indoor pool are also very impressive _ it feels great to float on infinity pool high above the Macau skyline,[gym][+],[indoor pool][+],[infinity pool][+],,,,
c60147,s9,The bar on top floor also has good atmosphere for a chill drink,[bar on top floor][+],[atmosphere][+],,,,,
c60148,s1,"I am the tourist from Hong Kong and my boyfriend chose Altira as for our accommodation in Macau~  Altira's staff has a high quality of service, they are really helpful and thoughtful, sometimes even humorous",[staff][+],[quality][+],,,,,
c60148,s2,"The staff know how to impress their customers~  From the very first step to your hotel to the end we left Macau, we can feel the warm hospitality of Altira",[staff][+],,,,,,
c60148,s3,"Also, all other facilities in the hotel are well-equipped, we spent a nice evening in the lounge and a delicious breakfast in the Aurora",[facilities][+],[lounge][+],[breakfast][+],,,,
c60149,s2,"the room was luxurious, spacious and very comfortable",[room][+],,,,,,
c60149,s4,The spa is actually the best in Asia,[spa][+],,,,,,
c60149,s5,The restaurants are very good,[restaurants][+],,,,,,
c60149,s6,"The rooms are very spacious and finally, the service is top notch",[rooms][+],[service][+],,,,,
c60149,s7,"After arriving at the Macau Ferry Terminal, we were greeted by the bell boy was very kind",[bell boy][+],,,,,,
c60149,s8,bell boy allowed us to buy ferry tickets and waited patiently for us,[bell boy][+],,,,,,
c60149,s9,The car was pretty roomy too,[car][+],,,,,,
c60149,s11,Check in was fast and done in an interesting manner,[Check in][+],,,,,,
c60149,s12,The lobby was on the 38th floor facing the Macau peninsula,[lobby][+],,,,,,
c60149,s13,"Since the amazing lobby was on the 38th floor, there was an express elevator to the lobby, but no express to the rooms",[lobby][+],[elevator][+],,,,,
c60150,s4,"On arrival at the hotel we were checked in by friendly and helpful staff that quickly registered us and showed us to our room, which was a pleasant suite of quite reasonable size with stylish and well fitted bathrooms",[staff][+],[room][0],[suite][+],[bathrooms][+],,,
c60150,s5,This was our first time in Macao and had a wonderful time,,,,,,,
c60150,s6,The staff made our trip very special,[staff][+],,,,,,
c60151,s1,"what can you not say about this hotel,  We have stayed at many great 5 star hotels around the world, Peninsulars, orientals, etc, but the service in this hotel left them in a wake",[service][+],,,,,,
c60151,s2,"From the Lovely S class Mercedes-Benz to the housekeeping, totally faultless",[housekeeping][+],,,,,,
c60151,s3,You arrive or should I say swept up and cocooned in service from the minute  the car arrives to the time you depart,[service][+],,,,,,
c60151,s4,"The rooms were wonderfully appointed, restful and believe it or not for a casino, tastefully decorated, best bathroom I have ever seen",[rooms][+],[bathroom][+],,,,,
c60152,s2,The red carpet treatment started at the airport where a hotel employee greeted us on the ramp of the airplane,[employee][+],,,,,,
c60152,s12,"They got his size and preferences for toiletries and within 30 minutes returned with designer clothes, cologne, and other items We've never experienced such service",[toiletries][+],[service][+],,,,,
c60153,s1,From the moment you arrive the smile doorman leads you to a private elevator that brings you to the 38th floor for check-in,[doorman][+],[elevator][+],,,,,
c60153,s2,The staff is well spoken in every language,[staff][+],,,,,,
c60153,s5,This is perhaps the most private hotel and staff you will ever encounter in any city in the world,[staff][+],,,,,,
c60153,s7,The rooms are immaculate_,[rooms][+],,,,,,
c60154,s4,The room is spacious and decor elegant; it has the feel of grandness when one first walk in the spacious corridor in the room,[room][+],[decor][+],[corridor][+],[room][+],,,
c60154,s5,"The separate vanity, bathroom and walk-in closet area is about half the size of the room  The L-shaped couch in front of the floor-to-ceiling window is very comfortable, but has some stain spots that couldn't come off",[bathroom][+],[walk-in closet][+],[couch][+],,,,
c60154,s7,The facility in the spa is no doubt first class,[facility][+],[spa][+],,,,,
c60155,s3,The view is spectacular both from the lobby and the Seaside view rooms,[view][+],[view rooms][+],,,,,
c60155,s4,The beds are super comfortable and spacious,[beds][+],,,,,,
c60155,s5,Swimming pool is great as well,[Swimming pool][+],,,,,,
c60155,s6,"Not  very large, but is indoors and has a great view",[indoors][+],[view][+],,,,,
c60155,s7,"Breakfast is excellent as well, though the buffet selection is a bit limited in terms of main course items",[Breakfast][+],[buffet selection][-],,,,,
c60155,s8,The hotel staff are warm and helpful,[staff][+],,,,,,
c60156,s4,"The room was large, clean and extremely comfortable with the biggest bed ",[room][+],[bed][+],,,,,
c60156,s5,The minibar was all available free of charge and there was also a well stocked fruit bowl and tea and coffee box,[minibar was][+],,,,,,
c60156,s6,There was a comfortable seating  area and huge cable TV  The staff were attentive and friendly and we'd have loved to stay_,[seating  area][+],[TV][0],[staff][+],,,,
c60157,s3,The room is large and well equited,[room][+],,,,,,
c60157,s5,comfortable bath tub and rain shower,[bath tub][+],[rain shower][+],,,,,
c60157,s6,The bed is very comfortable,[bed][+],,,,,,
c60157,s7,The lounge area is one of the best of my experience,[lounge area][+],,,,,,
c60157,s8,One thing I would highly recommand is the infinity pool,[infinity pool][+],,,,,,
c60157,s10,The view is absoultely stunning,[view][+],,,,,,
c60157,s11,The steam and sauna and Jacuzzi in the changing room worth a visit~!  The breakfast we had inroom is very nice,[steam][+],[sauna][+],[jacuzzi][+],[changing room][+],,[breakfast][+],
c60157,s14,Staff are all friendly,[Staff][+],,,,,,
c60158,s6,"I love their room, the best nice suite",[room][+],[suite][+],,,,,
c60158,s8,"very cozy, so homelike they offered free high speed internet access",[internet access][+],,,,,,
c60158,s15,the staff was always there for us,[staff][+],,,,,,
c60158,s17,"We also tried their french restaurant , nice food and good service I do believe this is the very best getaway hotel you can choose in macau We stayed there 2 nights",[food][+],[service][+],,,,,
c60159,s5,"Food and service are very good, the design of the hotel is very special indeed",[Food][+],[service][+],,,,,
c60159,s7,"Shower, toilet, taps, tables, walls don't have the quality you would expect",[Shower][+],[toilet][+],[taps][+],[tables][+],[walls][+],,
c60159,s10,"The service was perfect, staff is very friendly and all spoke English",[service][+],[staff][+],,,,,